"time","t","yT0","yT1","yT2","yT3","yT4","yT5","A010_BF01 - [m³/h]","A010_BF02 - [m³/h]","A010_BL01 - [m]","A010_BL02 - [Digital]","A010_BP01 - [bar]","A010_BT02 - [°C]","A010_EB01 - [Digital]","A010_GP01_PV - [%]","A010_GP02_PV - [%]","A020_BP01 - [mbar]","A020_BP02 - [mbar]","A020_BT01 - [°C]","A020_BT02 - [°C]","A020_BT03 - [°C]","A020_GQ01_PV - [%]","A030_BL01 - [m]","A030_BL02 - [m]","A030_BT01 - [°C]","A030_BT02 - [°C]","A030_GP01_PV - [%]","A030_GP02_PV - [%]","A030_QM01_Closed - [Digital]","A030_QM01_Opened - [Digital]","A030_QM02_Closed - [Digital]","A030_QM02_Opened - [Digital]","A040_QN01_PV - [% open]","A040_QN03_PV - [% open]","A040_QN04_PV - [% open]","A050_BL01 - [m]","A050_BL02 - [Digital]","A050_BP01 - [bar]","A050_BT01 - [°C]","A050_BT02 - [°C]","A050_GP01_PV - [%]","A050_GP02_PV - [%]","A060_BP01 - [bar]","A060_BP02 - [bar]","A060_BT01 - [°C]","A060_BT02 - [°C]","A060_GP01_PV - [%]","A060_QN01_PV - [% open]","A070_GP01 - [Digital]","A080_GP01 - [Digital]","A193_BE01_kW - [kW]","A193_BE01_kWh - [kW/h]","Barometer Elab - [mbar]","CO2_abs_in - [%]","CO2_tør_abs - [%]","CO2_tør_efter_des - [%]","CO_abs_in - [%]","CO_abs_in - [ppm]","Damp_kedel - [kWh]","Effekt - [kW]","El effekt - [Wh]","Flow - [m³/h]","Flow_efter_abs - [Pa]","Flow_efter_des - [Pa]","Flow_før abs - [Pa]","Frem - [°C]","O2_calc_abs_in - [%]","O2_tør_abs - [%]","O2_tør_efter_des - [%]","O2_våd_abs - [%]","O2_våd_efter_des - [%]","Retur - [°C]","Rum Elab - [°C]","Røg - [°C]","Røgtab - [%]","Scantime","Text entry","Tryk - [Pa]"
"2025/03/05 14:16:03",0,36.269669,27.793579,34.618321,34.151376,35.471226,36.846881,4.933965,3.729453,0.320609,0,0.432697,31.404226,0,29.571762,91.137138,-1.155093,-1.26331,43.151066,37.32061,84.796043,14.157987,0.707791,0.383775,45.80238,28.926514,24.661457,24.904514,1,0,1,0,3.877315,14.337384,0.462963,0.282457,0,0.369184,86.099861,87.028954,30.086807,95.515038,1.585995,0.892072,86.766243,89.512703,49.256359,83.550346,0,0,2.48259,2418.77002,1010,15.911251,5.891358,7.217871,0.053395,509.926541,135.512,69.074828,15599.08,3.671425,9.009861,60.549789,12.247333,64.539889,4.364779,4.821871,19.228878,0.012354,18.137856,48.089619,29,150.540595,-5.001844,1.001705,NA,14.2614
"2025/03/05 14:16:23",20,36.22858,27.809272,34.387825,33.845867,36.213676,36.869699,4.995254,3.729453,0.320609,0,0.432697,31.404516,0,29.658564,90.92881,-1.155093,-1.26331,43.142372,37.340858,84.775803,14.166666,0.707791,0.383775,45.80238,28.94677,24.65567,24.81192,1,0,1,0,3.877315,14.337384,0.462963,0.280453,0,0.369184,86.068871,87.008377,29.910303,95.821762,1.585995,0.892072,86.746239,89.543663,49.050922,84.34317,0,0,2.46993,2418.780029,1010,16.185877,5.86997,7.146374,0.052721,502.578939,135.596,68.607396,15599.44,3.648182,9.833424,64.234779,12.530083,64.601928,4.078132,4.73847,19.235127,0.012391,18.142731,48.15888,29,150.553707,-4.916558,1.02205,NA,9.170871
"2025/03/05 14:16:43",40,36.218174,27.821355,34.339716,33.795342,36.019994,36.936543,5.036285,3.729453,0.320609,0,0.432697,31.41464,0,29.693289,90.882523,-1.155093,-1.26331,43.15395,37.332172,84.75843,14.166666,0.707791,0.384787,45.80238,28.967022,24.589119,24.837963,1,0,1,0,3.877315,14.337384,0.462963,0.279451,0,0.369184,86.038216,86.987549,29.971064,95.057861,1.585995,0.902141,86.736122,89.513016,49.195606,87.138313,0,0,2.47668,2418.800049,1010,16.252189,5.956464,7.216326,0.051767,492.364144,135.68,68.802453,15599.8,3.672092,8.868753,67.370701,13.41978,64.630564,4.008918,4.582823,19.226527,0.012415,18.151792,48.248138,29,150.680571,-4.899083,1.000396,NA,12.853882
"2025/03/05 14:17:03",60,36.187218,27.820476,34.822002,33.862685,35.221348,37.004445,5.086569,3.729453,0.320609,0,0.432697,31.404224,0,29.429974,91.145828,-1.155093,-1.26331,43.145267,37.382809,84.761322,14.175346,0.707791,0.384787,45.802662,28.966734,24.586224,24.814816,1,0,1,0,3.877315,14.348958,0.462963,0.272247,0,0.369184,86.007858,86.967003,29.90451,87.392937,1.585995,0.922193,86.704834,89.347504,49.160881,91.195015,0,0,2.23677,2418.810059,1010,16.197236,6.023335,7.159024,0.052611,506.396921,135.763,70.367678,15600.16,3.741986,9.971875,11.150561,12.943177,64.702657,4.066276,4.464339,19.232276,0.012502,18.137612,48.260494,29,150.239348,-4.893701,1.022626,NA,10.216737
"2025/03/05 14:17:23",80,36.166672,27.851689,34.387821,33.781575,34.867335,36.595143,5.109032,3.729453,0.320609,0,0.432697,31.424187,0,29.432867,90.986687,-1.155093,-1.26331,43.146713,37.405949,84.599228,14.175348,0.707791,0.384787,45.802662,28.966734,24.65567,24.797455,1,0,1,0,3.877315,15.159142,0.462963,0.272277,0,0.369184,85.987587,86.914978,30.046299,86.362839,1.585995,0.912182,86.663994,88.732353,49.111683,99.24189,0,0,2.28936,2418.820068,1010,16.043629,6.013676,7.210762,0.05264,507.834827,135.847,70.189788,15600.52,3.725741,9.56047,33.789253,12.237858,64.710329,4.226607,4.437919,19.232332,0.01245,18.124061,48.238221,29,150.033825,-4.949446,1.014843,NA,16.164064
"2025/03/05 14:17:43",100,36.15654,27.864481,33.977732,33.5774,34.71963,36.430795,4.9875,3.729453,0.319604,0,0.432697,31.423899,0,29.560184,91.015617,-1.155093,-1.26331,43.126461,37.335075,84.563065,14.16956,0.707791,0.384787,45.812782,28.966734,24.421295,24.846642,1,0,1,0,3.877315,15.14757,0.462963,0.275284,0,0.369184,85.92588,86.831902,29.765621,91.898148,1.585995,0.90217,86.582756,88.503197,49.392361,99.207176,0,0,2.38532,2418.830078,1010,15.763951,6.181467,7.275325,0.054183,523.709081,135.931,70.563321,15600.88,3.72924,9.560056,53.183235,12.531688,64.698218,4.518526,4.457501,19.222267,0.012392,18.146377,48.153986,29,150.448279,-5.062959,1.074502,NA,5.169922
"2025/03/05 14:18:03",120,36.156834,27.849224,34.030655,33.734404,35.028814,36.519347,5.02766,3.729453,0.319604,0,0.432697,31.423899,0,29.615162,90.989578,-1.155093,-1.26331,43.138031,37.28154,84.471947,14.155092,0.707791,0.383782,45.802647,28.966728,24.667244,24.788771,1,0,1,0,3.877315,15.159142,0.462963,0.278351,0,0.379196,85.83242,86.759583,30.008678,95.596069,1.585995,0.89213,86.489571,88.607361,49.256363,99.146408,0,0,2.46861,2418.850098,1010,15.532089,6.117484,7.27037,0.057517,549.1917,136.02,70.059335,15601.24,3.688554,9.965739,78.010338,12.372455,64.652799,4.760536,4.620782,19.218614,0.01241,18.146409,48.045549,29,150.844547,-5.152407,0.995776,NA,11.522769
"2025/03/05 14:18:23",140,36.177952,27.804731,34.33297,33.994873,35.251262,36.805739,4.997451,3.729453,0.320631,0,0.432697,31.40307,0,29.632519,90.998253,-1.155093,-1.26331,43.117783,37.262737,84.415504,14.166666,0.707791,0.383782,45.802647,28.997978,24.606482,24.950808,1,0,1,0,3.877315,15.159142,0.462963,0.279353,0,0.369155,85.760391,86.708611,29.768515,95.622108,1.585995,0.89213,86.407959,88.8125,49.253468,99.169556,0,0,2.40521,2418.860107,1010,16.054841,5.994484,7.328691,0.052977,508.538281,136.104,70.453119,15601.6,3.6875,9.281838,82.385572,12.254524,64.731474,4.214904,4.760117,19.199636,0.012413,18.138012,48.026106,29,150.392583,-4.952449,0.996862,NA,13.943096
"2025/03/05 14:18:43",160,36.177952,27.836238,34.321964,33.823755,35.310582,36.926666,5.007353,3.729453,0.320631,0,0.432697,31.382526,0,29.690393,91.119781,-1.155093,-1.26331,43.117786,37.293114,84.398155,14.160879,0.707791,0.383782,45.792534,29.018232,24.67882,24.933445,1,0,1,0,3.877315,15.159142,0.462963,0.279353,0,0.369155,85.709206,86.67794,29.933447,96.223953,1.585995,0.89213,86.376747,88.925606,49.366322,99.201385,0,0,2.47373,2418.879883,1010,16.377095,6.068108,7.260773,0.054771,522.425512,136.19,70.115595,15602,3.66873,8.959781,90.552966,13.777607,64.746385,3.878545,4.586907,19.214473,0.012461,18.137885,48.03599,29,151.213848,-4.884934,1.038559,NA,12.439504
"2025/03/05 14:19:03",180,36.177952,27.835866,34.659948,34.055731,35.26282,36.887597,5.047567,3.729453,0.321643,0,0.432697,31.372116,0,29.635418,90.978012,-1.155093,-1.253471,43.136593,37.28299,84.335915,14.152199,0.707791,0.383782,45.80265,29.018232,24.646992,24.907406,1,0,1,0,3.877315,15.159142,0.462963,0.279353,0,0.369184,85.677078,86.626396,29.916088,95.711807,1.585995,0.89213,86.346344,88.946159,49.129051,99.218742,0,0,2.51198,2418.889893,1010.1,15.932464,6.154573,7.314415,0.054301,519.498418,136.277,71.207853,15602.36,3.714923,8.863679,90.456986,13.083256,64.769442,4.342638,4.408114,19.208243,0.012403,18.142623,48.009752,29.2,151.277568,-5.025775,0.99572,NA,13.700101
"2025/03/05 14:19:23",200,36.167545,27.83524,34.418199,34.284877,35.537315,36.860885,5.017482,3.729453,0.321643,0,0.432697,31.351574,0,29.609375,91.027191,-1.155093,-1.263599,43.136597,37.324947,84.315643,14.160879,0.707791,0.383782,45.823196,29.028355,24.641205,24.780094,1,0,1,0,3.877315,15.159142,0.462963,0.276263,0,0.369184,85.646065,86.58506,29.930553,93.990158,1.585995,0.912211,86.326683,88.90451,49.175346,99.181129,0,0,2.45227,2418.899902,1010.1,16.52533,6.079746,7.324527,0.061042,585.524103,136.367,70.876266,15602.72,3.675668,8.724752,22.88614,14.036076,64.877256,3.723823,4.511322,19.207302,0.012437,18.142472,48.017454,29.2,151.371534,-4.850581,1.064025,NA,12.558516
"2025/03/05 14:19:43",220,36.167538,27.815348,34.768596,33.707279,35.805907,36.810628,5.098206,3.729453,0.321643,0,0.432697,31.33074,0,29.571756,91.154503,-1.155093,-1.252893,43.125019,37.345203,84.306984,14.163773,0.707791,0.383782,45.823196,29.038481,24.592014,24.817707,1,0,1,0,3.877315,15.14757,0.462963,0.271162,0,0.369184,85.615158,86.55468,29.916088,86.958908,1.585995,0.932262,86.295998,88.188614,49.059605,99.146408,0,0,2.31731,2418.919922,1010.1,16.15029,6.170507,7.283428,0.058178,558.92524,136.385,70.870956,15603.12,3.687833,10.732768,19.337474,11.842452,64.842128,4.115277,4.333717,19.21346,0.012419,18.146388,48.039202,29.2,151.757872,-4.982144,1.023703,NA,12.099494
"2025/03/05 14:20:03",240,36.167538,27.809999,34.119838,33.548085,34.310536,36.374396,5.007757,3.729453,0.321643,0,0.432697,31.310488,0,29.539928,91.232628,-1.155093,-1.26302,43.191563,37.356766,84.292503,14.163773,0.707791,0.383782,45.823196,29.048611,24.626734,24.788773,1,0,1,0,3.877315,15.150462,0.462963,0.271162,0,0.369184,85.594597,86.462395,29.852428,87.870369,1.585995,0.932262,86.192131,87.273437,49.172447,99.227432,0,0,2.31779,2418.929932,1010.1,16.00887,6.238535,7.497547,0.058223,562.927726,136.472,71.063945,15603.48,3.693376,9.696676,14.416253,14.184903,64.880742,4.262887,4.350351,19.173944,0.012382,18.134076,48.057347,29.2,152.400147,-5.073314,1.054951,NA,15.064516
"2025/03/05 14:20:23",260,36.157406,27.805375,34.065401,33.391603,34.353363,36.340195,4.957583,3.729453,0.320638,0,0.432697,31.299212,0,29.693287,91.122673,-1.155093,-1.26302,43.165524,37.229454,84.189743000000007,14.152199,0.707791,0.383782,45.823196,29.069151,24.615162,24.707754,1,0,1,0,3.877315,15.150462,0.462963,0.272171,0,0.369184,85.470802,86.316521,30.159143,90.020248,1.585995,0.922251,86.016563,86.662849,49.172455,99.12326,0,0,2.36137,2418.939941,1010.1,16.044051,6.31766,7.629235,0.060955,589.971587,136.562,70.848473,15603.84,3.679411,9.560256,15.233309,12.534781,64.90752,4.226166,4.436925,19.144864,0.012447,18.146375,48.071475,29.2,151.891596,-5.041494,1.053334,NA,13.207478
"2025/03/05 14:20:43",280,36.157406,27.792571,33.940729,33.425697,34.543666,36.36215,5.028009,3.729453,0.320638,0,0.432697,31.299206,0,29.719326,91.070602,-1.155093,-1.26302,43.177101,37.083347,84.107285,14.152199,0.707791,0.384787,45.82262,29.099825,24.675926,24.924767,1,0,1,0,3.877315,15.162035,0.462963,0.274199,0,0.369184,85.30703,86.152489,29.878473,92.442123,1.585995,0.91224,85.852097,86.497383,49.169556,99.105911,0,0,2.36648,2418.949951,1010.1,16.080703,6.265471,7.576346,0.065324,628.221143,136.646,70.564096,15604.2,3.691865,8.869751,22.532385,15.030081,64.871669,4.18791,4.438031,19.146551,0.012475,18.15644,48.159767,29.2,151.625613,-5.017469,1.0600020000000001,NA,9.979549
"2025/03/05 14:21:03",300,36.177662,27.793733,34.252672,33.77406,35.332988,36.567139,5.007926,3.729453,0.320638,0,0.432697,31.309332,0,29.667242,91.19503,-1.155093,-1.26302,43.198795,37.063087,84.010399,14.143518,0.707791,0.384787,45.841713,29.109947,24.661457,24.797451,1,0,1,0,3.877315,15.150462,0.462963,0.277251,0,0.379196,85.152481,86.028389,29.872686,95.353004,1.596036,0.902228,85.697052,86.600403,49.198494,99.192703,0,0,2.4412,2418.969971,1010.1,15.911798,6.254456,7.499534,0.06213,596.435026,136.731,70.544832,15604.6,3.687414,9.1446,45.895327,11.286142,64.880181,4.364208,4.451215,19.153289,0.01245,18.146504,48.152677,29.2,151.202372,-5.043092,1.05206,NA,13.497174
"2025/03/05 14:21:23",320,36.156544,27.753599,34.467046,33.922039,35.176049,36.749321,5.007874,3.729453,0.320638,0,0.432697,31.309334,0,29.788773,91.061913,-1.155093,-1.26302,43.18721,37.077538,83.916412,14.146413,0.707791,0.384787,45.841713,29.109947,24.67882,24.892941,1,0,1,0,3.877315,15.804399,0.462963,0.281319,0,0.379196,85.03009,85.925331,29.930553,95.668404,1.596036,0.892188,85.604736,86.923035,49.34317,99.143509,0,0,2.48421,2418.97998,1010.1,16.164878,6.225583,7.486281,0.059318,565.359487,136.811,70.294628,15604.96,3.699296,9.707228,88.958163,13.081446,64.885298,4.100051,4.510249,19.164142,0.012436,18.151759,48.27066,29.2,151.220402,-4.957028,1.093777,NA,5.703935
"2025/03/05 14:21:43",340,36.145832,27.730229,34.483464,33.974146,35.6796,36.857705,5.00781,3.729453,0.321651,0,0.432697,31.329294,0,29.670135,91.134254,-1.155093,-1.26302,43.187233,37.151321,83.846992,14.146411,0.707791,0.384787,45.851852,29.130499,24.638309,24.806133,1,0,1,0,3.877315,15.804399,0.462963,0.288478,0,0.379196,84.917831,85.843719,29.823496,95.625008,1.596036,0.872164,85.543411,87.512459,49.175346,99.166664,0,0,2.42704,2419,1010.1,15.698471,6.234152,7.430994,0.06115,595.098853,136.896,69.767626,15605.32,3.684718,9.696847,63.843269,13.505951,64.862895,4.586872,4.403064,19.175069,0.012407,18.156337,48.307577,29.2,151.403046,-5.107615,0.999874,NA,12.082053
"2025/03/05 14:22:03",360,36.145546,27.727478,34.401297,33.880835,35.435483,36.881718,4.977655,3.729453,0.321651,0,0.432697,31.329294,0,29.65567,91.189224,-1.155093,-1.26302,43.188671,37.180267,83.799255,14.134839,0.707791,0.384787,45.861973,29.130499,24.609371,24.898726,1,0,1,0,3.877315,15.804399,0.462963,0.276836,0,0.379196,84.856735,85.823769,29.835068,95.706017,1.586024,0.912327,85.52256,87.776611,49.207176,34.837959,0,0,2.48346,2419.01001,1010.1,15.991853,6.234568,7.480358,0.060781,586.71315,136.983,71.011744,15605.68,3.703394,9.636411,-48.889448,12.810366,64.844709,4.280649,4.551225,19.16991,0.012503,18.160306,48.079145,29.2,151.70656,-5.026146,0.993567,NA,1.518257
"2025/03/05 14:22:23",380,36.12529,27.658042,34.506907,34.021823,34.798873,36.876412,5.037844,3.729453,0.321651,0,0.432697,31.298912,0,29.522568,91.027206,-1.155093,-1.26302,43.178535,37.280098,83.750038,14.131945,0.707791,0.384787,45.841148,29.151033,24.623842,24.823492,1,0,1,0,3.877315,15.804399,0.462963,0.274824,0,0.369184,84.856735,85.833885,29.973957,95.309608,1.586024,0.922367,85.532982,87.185448,49.212959,34.814812,0,0,2.47412,2419.02002,1010.1,16.1631,6.279867,7.418636,0.059082,567.840291,137.034,71.631728,15606.04,3.690657,9.005827,-48.898079,14.267494,64.884874,4.101906,4.542285,19.185976,0.012354,18.166388,47.914571,29.2,151.560154,-4.966783,1.053228,NA,13.795005
"2025/03/05 14:22:43",400,36.104465,27.697702,34.230855,33.675912,35.112124,36.79445,4.987615,3.729453,0.322656,0,0.432697,31.258101,0,29.62384,91.31076,-1.155093,-1.26302,43.178539,37.29023,83.71817,14.146411,0.707791,0.384787,45.841148,29.151033,24.6875,24.745371,1,0,1,0,3.877315,15.804399,0.462963,0.273822,0,0.369184,84.824921,85.719879,29.887152,94.635414,1.586024,0.922367,85.451698,86.568245,49.097221,34.826389,0,0,2.45471,2419.040039,1010.1,16.395144,6.3293,7.537265,0.057889,558.978419,137.119,72.86619,15606.4,3.721327,10.107368,-26.663363,12.67418,64.916077,3.859706,4.428338,19.16476,0.012445,18.156377,47.795589,29.2,151.531918,-4.898781,1.003809,NA,10.247647
"2025/03/05 14:23:04",421,36.094334,27.730156,34.093539,33.625245,35.544666,36.707011,5.007984,3.729453,0.322656,0,0.432697,31.216991,0,29.606482,91.166092,-1.155093,-1.26302,43.178555,37.28154,83.644379,14.143518,0.707791,0.384787,45.851273,29.160585,24.632523,24.751156,1,0,1,0,3.877315,15.804399,0.462963,0.273822,0,0.379196,84.74218,85.617752,29.901621,95.54686,1.586024,0.922367,85.318611,86.207176,49.114582,34.826389,0,0,2.45049,2419.050049,1010.1,16.142039,6.385004,7.491255,0.059788,572.942561,137.208,73.28577,15606.76,3.714671,9.422034,-21.606776,12.959761,65.019306,4.12389,4.283274,19.166076,0.012418,18.151752,47.769384,29.2,151.10204,-4.960744,1.040068,NA,13.654713
"2025/03/05 14:23:24",441,36.074078,27.741743,34.558459,33.837825,35.136024,36.7977,5.007989,3.729453,0.323662,0,0.432697,31.196453,0,29.577545,91.102417,-1.155093,-1.26302,43.168419,37.293118,83.559006,14.146413,0.707791,0.384787,45.861103,29.17071,24.609371,24.814814,1,0,1,0,3.877315,15.804399,0.462963,0.272812,0,0.379196,84.607918,85.473106,29.953701,94.733788,1.596066,0.912326,85.205467,86.00206,49.137733,34.791664,0,0,2.4493,2419.060059,1010.1,16.561823,6.354012,7.561951,0.074192,711.2606,137.293,73.107777,15607.16,3.723679,8.616125,-7.558209,11.627922,64.991295,3.685732,4.349211,19.160901,0.012458,18.156384,47.824894,29.2,150.885313,-4.822013,1.024488,NA,14.469353
"2025/03/05 14:23:44",461,36.06395,27.77758,34.245672,33.743159,35.260148,36.837224,4.987906,3.729453,0.323662,0,0.432697,31.155088,0,29.476269,90.980911,-1.155093,-1.26302,43.188667,37.31916,83.514168,14.146413,0.707791,0.385793,45.861103,29.17071,24.600695,24.806133,1,0,1,0,3.877315,15.804399,0.462963,0.272812,0,0.379196,84.484108,85.381386,30.023144,95.668404,1.596066,0.912326,85.092239,85.889435,49.18692,34.797451,0,0,2.47841,2419.080078,1010.1,15.818606,6.445483,7.464523,0.06127,593.691573,137.377,72.527331,15607.52,3.712355,8.722292,11.55507,13.420845,64.904114,4.461478,4.179924,19.171143,0.012451,18.160387,47.822059,29.2,151.046604,-5.053958,1.084845,NA,11.061218
"2025/03/05 14:24:04",481,36.043121,27.818205,34.198434,33.606261,34.810699,36.70935,5.017941,3.729453,0.324682,0,0.432697,31.144958,0,29.458908,91.226852,-1.155093,-1.26302,43.178539,37.30035,83.392685,14.137731,0.707791,0.385793,45.861103,29.17071,24.641203,24.835068,1,0,1,0,3.877315,15.804399,0.462963,0.273822,0,0.379196,84.370071,85.278366,29.84375,95.824638,1.596066,0.912326,84.988113,85.868866,49.241894,34.832176,0,0,2.46889,2419.090088,1010.1,15.176567,6.38097,7.543317,0.06853,657.865153,137.461,71.925929,15607.88,3.70083,9.278359,21.246906,12.650449,64.79758,5.131619,4.409608,19.155631,0.012427,18.166336,47.804419,28.9,151.270451,-5.283986,1.051783,NA,12.047967
"2025/03/05 14:24:24",501,36.043419,27.802547,34.327378,33.57304,34.792532,36.712004,5.00793,3.729453,0.324682,0,0.432697,31.155376,0,29.40683,91.299194,-1.155093,-1.252893,43.179985,37.298901,83.317429,14.149305,0.707791,0.384787,45.882217,29.181412,24.673031,24.93634,1,0,1,0,3.877315,15.804399,0.462963,0.274846,0,0.379196,84.246513,85.197052,29.78009,95.538185,1.596066,0.912326,84.91581,85.909401,49.140629,34.797451,0,0,2.49903,2419.100098,1010.1,15.562701,6.24897,7.53043,0.063236,609.403819,137.546,71.747784,15608.24,3.702942,8.59989,33.94442,13.055313,64.725994,4.728584,4.796554,19.159018,0.012466,18.16036,47.784589,28.9,151.213987,-5.150223,1.011389,NA,3.991814
"2025/03/05 14:24:44",521,36.043419,27.827938,34.329714,33.480254,34.884048,36.814592,5.007932,3.729453,0.324682,0,0.432697,31.165495,0,29.612268,91.009842,-1.155093,-1.26302,43.207474,37.298908,83.247955,14.155093,0.707791,0.384787,45.882217,29.211504,24.597799,24.817707,1,0,1,0,3.877315,15.804399,0.462963,0.274846,0,0.379196,84.163177,85.10527,29.921875,95.390625,1.596066,0.902315,84.833321,85.991341,49.296867,34.823494,0,0,2.46814,2419.120117,1010.1,16.34573,6.354788,7.578567,0.055424,529.634666,137.63,71.958646,15608.6,3.713917,9.966944,45.125888,12.390095,64.735149,3.911283,4.758388,19.14301,0.012418,18.160434,47.794162,28.9,150.920395,-4.88654,1.064918,NA,12.72944
"2025/03/05 14:25:04",541,36.043995,27.80217,34.112897,33.780156,34.594162,36.692677,5.058221,3.729453,0.325694,0,0.432697,31.175919,0,29.510992,91.351273,-1.155093,-1.26302,43.220482,37.288769,83.152435,14.157987,0.707791,0.384787,45.882217,29.222214,24.719328,24.811918,1,0,1,0,3.877315,15.804399,0.462963,0.274846,0,0.379196,84.121826,85.034416,29.950809,95.662613,1.596066,0.902315,84.750832,86.083946,49.07407,34.713539,0,0,2.42251,2419.129883,1010.1,16.150227,6.533479,7.555135,0.056621,544.101381,137.715,72.486203,15608.96,3.737605,8.72579,53.312855,13.085281,64.73886,4.115343,4.43003,19.154066,0.012475,18.160262,47.781826,28.9,150.825637,-4.94687,0.996204,NA,1.969381
"2025/03/05 14:25:24",561,36.043995,27.845486,34.108326,33.58881,35.049224,36.713541,4.997914,3.729453,0.3267,0,0.432697,31.155666,0,29.548609,91.076385,-1.155093,-1.26302,43.249424,37.298904,83.096039,14.160879,0.707791,0.384787,45.882217,29.222214,24.565973,24.777197,1,0,1,0,3.877315,15.804399,0.462963,0.274846,0,0.379196,84.06073,84.973343,29.861111,95.824646,1.596066,0.902315,84.709793,86.198509,49.314228,34.81192,0,0,2.4573,2419.149902,1010.1,15.821987,6.574782,7.645081,0.06027,587.268011,137.799,71.984365,15609.32,3.707441,9.376742,54.537784,12.522177,64.70502,4.457949,4.39847,19.138069,0.012529,18.166463,47.728378,28.9,150.805017,-5.047661,0.997534,NA,13.847425
"2025/03/05 14:25:44",581,36.043995,27.833927,34.543511,33.773001,35.34619,36.751112,4.997914,3.729453,0.3267,0,0.432697,31.145535,0,29.618053,90.951973,-1.155093,-1.26302,43.25956,37.285881,82.978905,14.152199,0.707791,0.384787,45.892635,29.22221,24.701969,24.754049,1,0,1,0,3.877315,15.804399,0.462963,0.274846,0,0.379196,84.019974,84.932587,29.6875,95.758102,1.596066,0.902315,84.658867,86.321716,49.137733,34.817711,0,0,2.47848,2419.159912,1010.1,15.592411,6.499093,7.638775,0.062465,607.47509,137.883,71.292611,15609.68,3.699497,9.417571,55.624369,12.838744,64.57229,4.697574,4.547933,19.13442,0.012546,18.166572,47.722685,28.9,150.960319,-5.127267,1.061584,NA,2.594309
"2025/03/05 14:26:04",601,36.043995,27.809011,34.163595,33.563948,35.246048,36.710168,5.007991,3.729453,0.32772,0,0.432697,31.125288,0,29.586224,91.137138,-1.155093,-1.26331,43.271114,37.296009,82.958641,14.152199,0.707791,0.384787,45.90276,29.232334,24.644096,24.797453,1,0,1,0,3.877315,15.804399,0.462963,0.274846,0,0.379196,83.977997,84.892059,29.855322,95.708908,1.596066,0.902315,84.617165,86.445869,49.163769,34.809025,0,0,2.50999,2419.169922,1010.1,15.653975,6.39268,7.668888,0.063986,616.460904,137.968,69.631446,15610.04,3.649647,9.697902,63.988424,12.344623,64.506477,4.633316,4.691551,19.133394,0.012469,18.184893,47.824697,28.9,150.989374,-5.110232,1.014035,NA,12.300871
"2025/03/05 14:26:24",621,36.023445,27.802233,34.23617,33.45974,34.759673,36.740906,5.007985,3.729453,0.32772,0,0.432697,31.125288,0,29.45023,91.284729,-1.155093,-1.26331,43.279804,37.284439,82.916687,14.157985,0.707791,0.384787,45.882519,29.221918,24.693287,24.832172,1,0,1,0,3.877315,15.804399,0.462963,0.273844,0,0.379196,83.967598,84.871788,29.892939,95.729164,1.596066,0.902315,84.596375,86.559296,49.239002,34.820599,0,0,2.46988,2419.189941,1010.1,15.85323,6.455755,7.547832,0.061584,592.382233,138.052,70.764715,15610.44,3.723367,9.414829,66.828046,14.622479,64.485061,4.42534,4.738144,19.148229,0.012466,18.179672,47.867444,28.9,150.555178,-5.025474,1.046218,NA,5.284107
"2025/03/05 14:26:44",641,35.982082,27.826191,34.21669,33.364149,34.952161,36.758364,4.997972,3.729453,0.328725,0,0.432697,31.09462,0,29.664352,90.697327,-1.155093,-1.26331,43.256641,37.296009,82.871826,14.152199,0.707791,0.384787,45.882515,29.221922,24.594906,24.768518,1,0,1,0,3.877315,15.804399,0.462963,0.273844,0,0.379196,83.925934,84.841125,29.707754,95.972214,1.596066,0.902315,84.555588,86.661995,49.15509,34.832176,0,0,2.45892,2419.199951,1010.1,15.934376,6.520563,7.630601,0.059093,565.906334,138.137,70.414408,15610.8,3.70337,9.277165,63.615822,13.022478,64.423945,4.340642,4.646486,19.135014,0.012411,18.171173,47.799301,28.9,150.708639,-5.005856,0.996965,NA,14.237422
"2025/03/05 14:27:04",661,35.982079,27.863625,34.361957,33.775801,34.48672,36.594357,5.018003,3.729453,0.328725,0,0.432697,31.06366,0,29.649883,91.059021,-1.155093,-1.253182,43.265335,37.297462,82.848633,14.152201,0.707791,0.384787,45.882793,29.232338,24.635416,24.953701,1,0,1,0,3.877315,15.804399,0.462963,0.272842,0,0.379196,83.905403,84.810486,29.768518,95.804382,1.596066,0.902315,84.545456,86.734093,49.111687,34.832176,0,0,2.44078,2419.209961,1010.1,15.560229,6.541755,7.639606,0.062744,607.798101,138.221,70.736855,15611.16,3.719159,9.14165,64.636114,11.547079,64.374163,4.731165,4.623615,19.143002,0.012385,18.189578,47.744294,28.9,150.482191,-5.123413,1.034762,NA,10.555959
"2025/03/05 14:27:24",681,35.992203,27.847698,34.217641,33.76391,34.664792,36.73079,4.987905,3.729453,0.329731,0,0.432697,31.033279,0,29.681711,90.7118,-1.155093,-1.253472,43.268219,37.154221,82.815384,14.143518,0.707791,0.384787,45.903915,29.263294,24.560186,24.861111,1,0,1,0,3.877315,15.804399,0.462963,0.272842,0,0.379196,83.884567,84.790237,29.939234,95.998276,1.596066,0.902315,84.535606,86.796944,49.105904,34.788773,0,0,2.49101,2419.22998,1010.1,15.665016,6.457929,7.638038,0.062821,612.230819,138.303,70.457393,15611.52,3.687117,9.417325,62.606153,13.521771,64.347109,4.621791,4.754705,19.138325,0.01247,18.179647,47.638989,28.9,150.774259,-5.096096,1.078914,NA,11.885235
"2025/03/05 14:27:44",701,35.981796,27.851397,34.101643,33.427917,35.237511,36.56989,5.008042,3.729453,0.330736,0,0.432697,31.002609,0,29.646988,91.122673,-1.155093,-1.253761,43.259552,37.296009,82.770485,14.134837,0.707791,0.384787,45.903919,29.28384,24.557293,24.826387,1,0,1,0,3.877315,15.804399,0.462963,0.272842,0,0.379196,83.874435,84.769958,29.965277,95.703125,1.596066,0.902315,84.535614,86.807053,49.160881,34.785877,0,0,2.46546,2419.23999,1010.1,15.658165,6.455171,7.664924,0.064094,619.28891,138.388,69.349941,15611.88,3.657391,10.093712,63.958606,12.118212,64.30308,4.628941,4.751282,19.137916,0.012468,18.18949,47.723916,28.9,150.68551,-5.101551,1.032484,NA,11.181789
"2025/03/05 14:28:04",721,35.991623,27.697385,34.096699,33.69544,34.716335,36.599598,5.008099,3.729453,0.330736,0,0.432697,30.920439,0,29.534143,90.920143,-1.155093,-1.264178,43.268219,37.243919,82.70536,14.120371,0.707791,0.384787,45.893795,29.314245,24.554399,24.809025,1,0,1,0,3.877315,15.804399,0.462963,0.270808,0,0.369184,83.874443,84.749695,29.823492,93.579277,1.596066,0.902315,84.52491,86.828445,49.14352,34.820599,0,0,2.44865,2419.26001,1010.1,16.076091,6.455149,7.60506,0.060051,572.231064,138.472,70.399926,15612.24,3.734477,9.281706,64.498054,12.681122,64.323617,4.192724,4.781118,19.140213,0.012451,18.174811,47.840844,28.9,150.525365,-4.960661,1.056022,NA,10.906342
"2025/03/05 14:28:24",741,36.012169,27.650531,34.012382,33.373203,35.073751,36.286188,5.068178,3.729453,0.330736,0,0.432697,30.879063,0,29.675924,91.17186,-1.155093,-1.264467,43.276913,37.144096,82.738632,14.120371,0.707791,0.384787,45.893795,29.314537,24.626736,24.829281,1,0,1,0,3.877315,15.804399,0.462963,0.270808,0,0.379225,83.842903,84.729454,29.785879,94.675919,1.596066,0.902315,84.524612,86.848694,49.273724,34.759834,0,0,2.43574,2419.27002,1010.1,15.678393,6.554872,7.682147,0.062977,613.877476,138.561,69.335797,15612.6,3.699501,8.862756,67.64815,11.840962,64.278851,4.607829,4.636234,19.136782,0.012467,18.184858,47.891744,28.9,150.510091,-5.099804,0.999631,NA,4.917879
"2025/03/05 14:28:44",761,36.022293,27.636435,33.665982,33.074573,34.989011,36.360979,5.007869,3.729453,0.330736,0,0.432697,30.817699,0,29.580439,90.931717,-1.155093,-1.25434,43.268227,37.083336,82.680779,14.120371,0.707791,0.384787,45.903629,29.324375,24.620951,24.785877,1,0,1,0,3.877315,15.804399,0.462963,0.269798,0,0.379225,83.832169,84.729454,30.005787,93.65741,1.596066,0.902315,84.504059,86.879372,49.27372,34.820606,0,0,2.36911,2419.280029,1010.1,15.426719,6.47299,7.66894,0.066874,642.334509,138.645,69.134193,15612.96,3.688251,8.981751,73.39357,12.617927,64.260217,4.870518,4.712923,19.136224,0.012432,18.189427,47.870919,28.9,150.894201,-5.197039,0.99811,NA,13.891612
"2025/03/05 14:29:04",781,36.011585,27.654949,34.007507,33.174462,34.592824,36.373412,5.028011,3.729453,0.330736,0,0.432697,30.755487,0,29.583334,90.986694,-1.155093,-1.25434,43.268227,37.05151,82.669197,14.134837,0.707791,0.385793,45.893505,29.314821,24.719328,24.835068,1,0,1,0,3.877315,15.804399,0.462963,0.266724,0,0.379225,83.811661,84.71904,29.658566,90.054977,1.596066,0.912327,84.503777,86.83799,49.143524,34.84375,0,0,2.36055,2419.290039,1010.1,15.89148,6.462043,7.6965,0.059994,572.239452,138.729,69.752759,15613.32,3.725202,9.280286,29.161496,13.083662,64.220212,4.385415,4.895053,19.133442,0.012467,18.179538,47.8483,29.1,151.222503,-5.05896,1.064915,NA,14.44294
"2025/03/05 14:29:24",801,35.960945,27.663787,33.75828,32.912889,33.845218,36.234543,4.997918,3.729453,0.331764,0,0.432697,30.704283,0,29.664349,91.001152,-1.155093,-1.25434,43.26099,36.9893,82.637383,14.137732,0.707791,0.385793,45.893211,29.335369,24.560186,24.765625,1,0,1,0,3.877315,15.804399,0.462963,0.265699,0,0.369184,83.800392,84.698509,30.078125,89.461807,1.596066,0.912327,84.482948,86.475693,49.233215,34.843746,0,0,2.37761,2419.310059,1010.1,16.157591,6.589955,7.619538,0.057771,551.530577,138.814,69.665156,15613.72,3.706003,8.879906,31.278575,13.366024,64.298159,4.107657,4.746667,19.148609,0.012498,18.189727,47.862098,29.1,150.753029,-4.961318,1.106569,NA,11.81803
"2025/03/05 14:29:44",821,35.930546,27.694326,33.345495,32.783967,34.379379,35.95879,5.047977,3.729453,0.331764,0,0.432697,30.653357,0,29.554398,90.986694,-1.155093,-1.264467,43.207474,36.909714,82.594002,14.126157,0.707791,0.384787,45.882801,29.345501,24.629629,24.81192,1,0,1,0,3.877315,15.804399,0.462963,0.265699,0,0.379254,83.790237,84.657433,29.950809,89.971054,1.596066,0.912327,84.410042,86.218445,49.210068,34.837959,0,0,2.33666,2419.320068,1010.1,16.527435,6.772133,7.708787,0.056837,541.860875,138.898,70.048926,15614.08,3.696842,8.997696,32.156504,13.086965,64.464649,3.721625,4.545539,19.128702,0.012474,18.184964,47.897093,29.1,150.765076,-4.862485,1.013934,NA,14.005334
"2025/03/05 14:30:05",842,35.920418,27.669227,33.465282,32.939218,34.052144,35.968625,5.018003,3.729453,0.330751,0,0.432697,30.621819,0,29.565969,91.128464,-1.155093,-1.25434,43.187225,36.837391,82.541946,14.117476,0.707791,0.384787,45.872101,29.355627,24.684605,24.782986,1,0,1,0,3.877315,15.804399,0.462963,0.266731,0,0.379254,83.738731,84.594902,29.91898,91.880783,1.596066,0.912327,84.3582,86.095497,49.250572,34.794563,0,0,2.40619,2419.330078,1010.1,15.739165,6.884992,7.617515,0.0613,588.449646,138.979,69.235414,15614.44,3.667863,9.422195,40.480308,13.332735,64.449334,4.544396,4.367022,19.130434,0.012459,18.184876,47.944807,29.1,151.059771,-5.118683,1.057474,NA,13.743335
"2025/03/05 14:30:25",862,35.92012,27.723139,33.416532,32.897379,34.2707,36.166004,5.037965,3.729453,0.330751,0,0.432697,30.621819,0,29.600697,91.08506,-1.155093,-1.264178,43.179989,36.786774,82.434952,14.131945,0.707791,0.384787,45.882206,29.375593,24.603588,24.832172,1,0,1,0,3.877315,15.804399,0.462963,0.267749,0,0.379254,83.666145,84.542572,29.690393,94.120377,1.596066,0.902286,84.26474,86.074944,49.097218,34.782982,0,0,2.48413,2419.350098,1010.1,15.732802,6.772193,7.765915,0.061173,595.339898,139.063,69.605388,15614.8,3.699018,8.750878,48.102131,12.66687,64.424795,4.551038,4.609341,19.125258,0.012427,18.184977,47.971827,29.1,150.788399,-5.099897,1.004147,NA,14.231846000000001
"2025/03/05 14:30:45",882,35.92012,27.722874,33.523723,33.267684,34.62507,36.207102,5.007927,3.729453,0.330751,0,0.432697,30.601274,0,29.583334,90.96933,-1.155093,-1.264178,43.178539,36.757854,82.353958,14.134837,0.707791,0.3858,45.882206,29.405973,24.684605,24.794559,1,0,1,0,3.877315,15.804399,0.462963,0.267749,0,0.379254,83.603889,84.480072,29.939236,94.852432,1.596066,0.902286,84.193542,86.085381,49.131947,34.76273,0,0,2.4598,2419.360107,1010.1,15.937856,6.73025,7.789084,0.060028,579.566916,139.152,68.863245,15615.16,3.693784,9.280369,53.588474,13.29222,64.312896,4.337009,4.665388,19.100665,0.012462,18.175032,48.012288,29.1,150.763038,-5.031364,1.009845,NA,1.342136
"2025/03/05 14:31:05",902,35.85936,27.678827,33.510491,33.084219,34.538778,36.255037,5.017942,3.729453,0.330751,0,0.432697,30.580442,0,29.589117,91.206589,-1.155093,-1.264178,43.190121,36.743378,82.342377,14.137732,0.707791,0.3858,45.882206,29.425928,24.586224,24.895832,1,0,1,0,3.877315,15.804399,0.462963,0.268758,0,0.379254,83.541611,84.449127,30.002893,95.917244,1.596066,0.902286,84.152176,86.147591,49.111691,34.823494,0,0,2.4601,2419.370117,1010.1,15.596974,6.732302,7.739675,0.064781,626.111128,139.237,69.3298,15615.52,3.706473,8.968999,71.862861,14.052332,64.315966,4.692811,4.593892,19.12582,0.012429,18.179738,47.9611,29.1,150.620311,-5.132771,1.010832,NA,11.407348
"2025/03/05 14:31:25",922,35.849236,27.700845,33.770321,33.088054,35.20362,36.225555,4.997859,3.729453,0.331756,0,0.432697,30.559326,0,29.557291,90.934616,-1.155093,-1.263599,43.179989,36.753498,82.261307,14.149305,0.707791,0.3858,45.872093,29.415804,24.681713,24.811918,1,0,1,0,3.877315,15.804399,0.462963,0.269768,0,0.379254,83.489265,84.397263,29.91898,95.674187,1.596066,0.902286,84.110832,86.239883,49.236107,34.814812,0,0,2.47217,2419.389893,1010.1,15.551129,6.615505,7.816405,0.065762,631.882201,139.321,69.058765,15615.88,3.701655,9.141303,70.645251,12.532684,64.286703,4.740662,4.724429,19.11403,0.012503,18.17482,47.97457,29.1,150.278383,-5.133838,1.039332,NA,4.325965
"2025/03/05 14:31:45",942,35.82869,27.743943,33.529703,33.191144,34.751744,36.167766,4.997855,3.729453,0.332762,0,0.432697,30.528654,0,29.513889,91.189224,-1.155093,-1.263599,43.181435,36.760735,82.293167,14.134839,0.707791,0.3858,45.861679,29.425932,24.6875,24.849533,1,0,1,0,3.877315,15.804399,0.462963,0.268766,0,0.379254,83.468163,84.376152,29.809027,95.781235,1.596066,0.902286,84.090553,86.301208,49.149303,34.730904,0,0,2.47069,2419.399902,1010.1,15.403529,6.6222,7.708725,0.067136,648.010889,139.405,69.289187,15616.24,3.72282,9.559466,74.614581,12.538803,64.196468,4.894723,4.795426,19.125265,0.012495,18.1664,47.922955,29.1,150.800235,-5.209373,0.997514,NA,13.572912
"2025/03/05 14:32:05",962,35.787907,27.704135,33.605046,32.988395,34.730303,36.238141,5.037959,3.729453,0.332762,0,0.432697,30.477428,0,29.600697,91.064804,-1.155093,-1.263599,43.127914,36.710102,82.258415,14.155092,0.707791,0.3858,45.861679,29.436054,24.791666,24.777197,1,0,1,0,3.877315,15.804399,0.462963,0.268766,0,0.379254,83.436592,84.345749,29.927662,95.494781,1.596066,0.902286,84.080399,86.372971,49.166668,34.814812,0,0,2.52689,2419.419922,1010.1,15.057886,6.617315,7.834364,0.071727,694.09614,139.49,68.531569,15616.64,3.690922,9.281713,74.753625,13.354639,64.14148,5.255494,4.865869,19.117323,0.012408,18.17108,47.906801,29.1,150.797553,-5.325554,1.065286,NA,8.726456
"2025/03/05 14:32:25",982,35.736691,27.673137,33.617992,33.139097,34.057535,36.189193,5.047916,3.729453,0.332762,0,0.432697,30.415499,0,29.568863,91.238426,-1.155093,-1.252604,43.179981,36.710098,82.220779,14.146413,0.707791,0.3858,45.861679,29.446177,24.670139,24.87558,1,0,1,0,3.877315,14.814815,0.462963,0.268766,0,0.379253,83.416061,84.315079,30.002895,95.286453,1.596066,0.902286,84.059578,86.40361,49.224533,34.869793,0,0,2.45484,2419.429932,1010.1,15.660046,6.521903,7.780393,0.064344,618.211594,139.574,69.247315,15617,3.720183,9.148501,75.413796,12.944753,64.125951,4.626979,5.057158,19.105332,0.012488,18.184802,47.850744,29.1,150.580901,-5.11328,1.045017,NA,12.773477
"2025/03/05 14:32:45",1002,35.655098,27.64662,33.408107,33.308319,34.642459,36.261244,4.997797,3.729453,0.333768,0,0.432697,30.46731,0,29.609371,91.082169,-1.155093,-1.262731,43.117786,36.699966,82.191849,14.149305,0.708804,0.3858,45.861679,29.466431,24.675926,24.785877,1,0,1,0,3.877315,14.814815,0.462963,0.268766,0,0.379253,83.395515,84.284691,29.866894,95.804398,1.596066,0.902286,84.059578,86.454834,49.201389,34.878471,0,0,2.41041,2419.439941,1010.1,15.685697,6.629734,7.782271,0.062813,602.717983,139.658,69.391985,15617.36,3.707384,9.83219,75.658673,12.217516,64.201602,4.600205,4.923286,19.124062,0.012479,18.184883,47.836091,29.1,150.596916,-5.102417,1.041176,NA,3.068045
"2025/03/05 14:33:05",1022,35.593468,27.627716,33.601665,32.9872,34.836268,36.200465,5.027894,3.729453,0.334802,0,0.432697,30.539078,0,29.684605,91.163185,-1.155093,-1.252604,43.109108,36.710106,82.151329,14.155093,0.708804,0.3858,45.861679,29.466436,24.701969,24.832174,1,0,1,0,3.877315,14.814815,0.462963,0.267764,0,0.379253,83.395515,84.273705,29.930553,94.710648,1.596066,0.902286,84.049469,86.465286,49.129051,34.823494,0,0,2.40434,2419.459961,1010.1,15.587165,6.63803,7.793199,0.063136,611.055447,139.743,68.171063,15617.72,3.708375,8.87853,78.030246,12.666899,64.123139,4.70305,4.869334,19.111122,0.012473,18.189655,48.049866,29.1,150.736657,-5.143677,1.014678,NA,13.932405
"2025/03/05 14:33:25",1042,35.542233,27.684958,33.744857,33.264668,34.944391,36.194904,5.007872,3.729453,0.334802,0,0.432697,30.559332,0,29.681711,91.087952,-1.155093,-1.262731,43.129356,36.712997,82.161446,14.152199,0.708804,0.3858,45.861679,29.466436,24.664352,24.861111,1,0,1,0,3.877315,14.814815,0.462963,0.266762,0,0.379253,83.37529,84.26358,29.814816,95.633682,1.596066,0.902286,84.039665,86.486374,49.221642,34.849537,0,0,2.43034,2419.469971,1010.1,15.604673,6.669682,7.841073,0.06618,634.972827,139.831,67.981929,15618.08,3.702311,9.420711,83.877896,12.210948,64.129159,4.684775,4.891038,19.111106,0.012489,18.17948,48.074226,29.1,150.85687,-5.143547,1.051146,NA,7.056753
"2025/03/05 14:33:45",1062,35.51041,27.689092,33.783381,33.168474,34.225052,36.202591,4.987847,3.729453,0.334802,0,0.432697,30.56945,0,29.479166,90.818863,-1.155093,-1.262731,43.127914,36.712997,82.120941,14.146413,0.708804,0.3858,45.841148,29.476568,24.64699,24.988424,1,0,1,0,3.877315,14.814815,0.462963,0.263747,0,0.379253,83.365158,84.274002,29.716434,90.610527,1.596066,0.912298,84.039665,86.424759,49.152195,34.759834,0,0,2.38903,2419.47998,1010.1,15.829314,6.701266,7.843781,0.060929,590.474994,139.917,68.174952,15618.44,3.719346,9.279922,33.669555,13.517149,64.1686,4.450302,4.924804,19.111263,0.01248,18.174946,48.141825,29.1,150.90782,-5.072466,1.020268,NA,11.572525
"2025/03/05 14:34:05",1082,35.459198,27.721522,33.55915,33.027063,34.265611,35.801344,5.007868,3.729453,0.334802,0,0.432697,30.548908,0,29.484951,90.853577,-1.155093,-1.262731,43.104774,36.712994,82.136848,14.140625,0.708804,0.3858,45.840866,29.506943,24.65567,24.791666,1,0,1,0,3.877315,14.814815,0.462963,0.262737,0,0.369242,83.365158,84.262718,29.881363,89.499413,1.596066,0.912298,84.019135,86.071495,49.21875,34.829285,0,0,2.3273,2419.5,1009.9,16.074008,6.757043,7.841957,0.06048,581.217826,140.001,67.270456,15618.8,3.668771,9.838059,44.172131,12.200667,64.260419,4.194898,4.792132,19.109936,0.012499,18.179697,48.228273,29,151.392759,-5.03384,1.055343,NA,17.126959
"2025/03/05 14:34:25",1102,35.428242,27.500984,33.311404,32.580505,34.286657,35.616852,5.027891,3.729453,0.334802,0,0.432697,30.548914,0,29.516781,91.14003,-1.155093,-1.262731,43.126453,36.630516,82.109352,14.137731,0.708804,0.3858,45.840866,29.496815,24.675924,24.869787,1,0,1,0,3.877315,14.814815,0.462963,0.262738,0,0.379253,83.33419,84.221619,29.858215,90.243057,1.596066,0.912298,83.988731,85.843132,49.175346,34.782982,0,0,2.37182,2419.51001,1009.9,16.231197,6.962673,7.842613,0.05703,551.531266,140.082,69.208936,15619.16,3.732832,8.732855,44.848341,14.68666,64.416831,4.030829,4.6375,19.116697,0.012447,18.174905,48.205763,29,151.917024,-5.015657,1.089776,NA,9.55818
"2025/03/05 14:34:45",1122,35.407116,27.48643,33.326663,32.741802,33.700911,35.78831,5.017885,3.729453,0.334802,0,0.432697,30.548916,0,29.589123,91.099533,-1.155093,-1.262731,43.120682,36.48436,82.035599,14.137732,0.708804,0.3858,45.830444,29.506655,24.675926,24.861109,1,0,1,0,3.877315,14.814815,0.462963,0.26374,0,0.379253,83.283249,84.159988,29.803242,92.361099,1.596066,0.912298,83.927666,85.730606,49.23032,34.785881,0,0,2.41798,2419.52002,1009.9,16.478994,7.067191,7.891629,0.056861,550.023605,140.166,68.708961,15619.56,3.665544,9.969415,41.851115,12.264265,64.550213,3.772186,4.487344,19.096663,0.012423,18.179534,48.160822,29,151.349882,-4.908861,1.00822,NA,12.114498
"2025/03/05 14:35:05",1142,35.375874,27.462982,33.366178,33.005499,33.917799,35.878339,4.987848,3.729453,0.334802,0,0.432697,30.548916,0,29.568867,91.061905,-1.155093,-1.262731,43.112003,36.467007,81.950264,14.131945,0.708804,0.386806,45.830444,29.517065,24.618057,24.820599,1,0,1,0,3.877315,14.814815,0.462963,0.264742,0,0.379253,83.221924,84.108505,29.872684,94.172447,1.596066,0.912298,83.835052,85.709785,49.175346,34.81192,0,0,2.4928,2419.540039,1009.9,16.878124,7.14458,7.848048,0.064155,607.161531,140.251,69.06704,15619.92,3.669324,9.423572,62.087781,12.118565,64.690176,3.355587,4.309147,19.101381,0.012441,18.179485,48.232342,29,151.46989,-4.794021,1.016456,NA,1.436147
"2025/03/05 14:35:25",1162,35.355614,27.393171,33.602763,32.88836,34.635782,35.897701,5.017886,3.729453,0.334802,0,0.432697,30.518238,0,29.49942,90.975121,-1.155093,-1.252603,43.101871,36.413475,81.886574,14.134837,0.708804,0.386806,45.800343,29.537615,24.701967,24.837963,1,0,1,0,3.877315,14.814815,0.462963,0.264742,0,0.379253,83.170692,84.088242,29.892939,95.002884,1.596066,0.902257,83.804718,85.740692,49.114578,34.806129,0,0,2.4195,2419.550049,1009.9,16.036888,7.152921,7.900205,0.059422,574.162292,140.335,69.238848,15620.28,3.677442,8.914603,63.547263,12.251887,64.728301,4.233642,4.077727,19.100189,0.012488,18.174998,48.265948,29,151.28027,-5.036376,1.039955,NA,11.888979
"2025/03/05 14:35:45",1182,35.345486,27.38569,33.523649,32.825149,34.909463,36.091021,5.048035,3.729453,0.335807,0,0.432697,30.508406,0,29.354746,90.960648,-1.155093,-1.252604,43.114906,36.485809,81.896721,14.126158,0.708804,0.386806,45.80035,29.557871,24.675926,24.855326,1,0,1,0,3.877315,14.80324,0.462963,0.265759,0,0.379253,83.099846,84.026642,29.719326,95.578712,1.596066,0.902257,83.743645,85.791359,49.215855,34.791664,0,0,2.39686,2419.560059,1009.9,15.970298,7.050399,7.904129,0.059331,571.531978,140.42,69.211992,15620.64,3.696846,8.319888,70.761918,12.945347,64.68207,4.303148,4.315421,19.092284,0.012524,18.189611,48.312479,29,151.053015,-5.038941,1.027727,NA,2.743073
"2025/03/05 14:36:05",1202,35.366035,27.456434,33.71675,33.033136,34.242275,35.979865,5.007815,3.729453,0.335807,0,0.432697,30.518532,0,29.589121,90.937508,-1.155093,-1.262731,43.114899,36.485809,81.798286,14.126157,0.708804,0.386806,45.779518,29.557867,24.67882,24.794559,1,0,1,0,3.877315,14.814815,0.462963,0.26475,0,0.379253,83.079277,83.995674,30.078125,95.072327,1.596066,0.902257,83.702286,85.873787,49.198494,34.7743,0,0,2.41581,2419.580078,1009.9,15.719954,6.999012,7.943331,0.061909,597.867588,140.504,70.70031,15621,3.742572,8.652706,76.784355,13.081619,64.656581,4.564449,4.407631,19.097277,0.012529,18.184868,48.139282,29,150.991164,-5.121383,1.059457,NA,12.669283
"2025/03/05 14:36:25",1222,35.386292,27.456179,33.563677,33.182319,34.083826,36.136792,5.007758,3.729453,0.336827,0,0.432697,30.508112,0,29.560186,91.087959,-1.155093,-1.262731,43.116333,36.585655,81.78093,14.129049,0.708804,0.386806,45.789619,29.557581,24.661459,24.745369,1,0,1,0,3.877315,14.80324,0.462963,0.26475,0,0.369184,83.038483,83.965256,29.855322,95.896988,1.596066,0.902257,83.68177,85.946457,49.100113,34.820599,0,0,2.47545,2419.590088,1009.9,15.537297,6.976245,7.948085,0.065308,631.392327,140.593,70.35402,15621.36,3.72459,9.695045,81.973442,12.326893,64.544321,4.7551,4.550019,19.083653,0.012485,18.184856,48.028571,29,151.071961,-5.17816,1.004671,NA,3.191589
"2025/03/05 14:36:45",1242,35.396118,27.435482,33.562106,32.971303,34.945662,36.111744,5.027837,3.729453,0.336827,0,0.432697,30.4977,0,29.453125,91.090843,-1.155093,-1.262731,43.106213,36.585663,81.824348,14.126158,0.708804,0.386806,45.779507,29.577831,24.629629,24.840855,1,0,1,0,3.877315,14.814815,0.462963,0.26475,0,0.379282,83.017975,83.945007,29.803238,95.405083,1.596066,0.902257,83.671921,85.997116,49.186924,34.78009,0,0,2.55015,2419.600098,1009.9,15.43391,6.958561,7.937818,0.067336,648.526161,140.678,71.007355,15621.72,3.73942,9.485034,82.647618,13.218589,64.515577,4.863013,4.708396,19.097949,0.012432,18.174985,47.912562,29,150.813529,-5.202262,1.017011,NA,15.222337
"2025/03/05 14:37:05",1262,35.396118,27.474983,33.74715,33.023992,33.827035,36.159099,5.047857,3.729453,0.337833,0,0.432697,30.487558,0,29.716434,91.226845,-1.155093,-1.262731,43.127911,36.647877,81.77079,14.140625,0.708804,0.386806,45.789635,29.557571,24.606482,24.754049,1,0,1,0,3.877315,14.814815,0.462963,0.263717,0,0.379282,82.996857,83.923904,29.733795,94.982628,1.596066,0.902257,83.671921,86.058174,49.221642,34.826385,0,0,2.47548,2419.620117,1009.9,15.356032,6.935024,8.031892,0.069622,671.936256,140.762,71.062562,15622.08,3.728745,9.293435,78.007124,13.526448,64.492633,4.944299,4.785607,19.073329,0.012431,18.179468,47.82914,29,150.60173,-5.216832,1.033428,NA,4.251398
"2025/03/05 14:37:26",1283,35.365742,27.472209,33.506757,33.044639,34.056798,36.045508,5.027835,3.729453,0.337833,0,0.432697,30.476561,0,29.525457,90.975121,-1.155093,-1.262731,43.109112,36.637756,81.720146,14.134837,0.708804,0.386806,45.778637,29.557581,24.629629,24.840855,1,0,1,0,3.877315,14.814815,0.462963,0.262707,0,0.379282,82.987312,83.902489,29.849537,94.094322,1.596066,0.902257,83.651085,86.068298,49.334492,34.855324,0,0,2.39131,2419.629883,1009.9,15.312037,6.941049,7.808862,0.068508,658.742479,140.847,70.232892,15622.44,3.700463,9.699626,84.244347,12.514069,64.381868,4.990219,4.870456,19.10135,0.012475,18.19408,47.787054,29,151.077644,-5.258771,1.005326,NA,15.13837
"2025/03/05 14:37:46",1303,35.34549,27.40142,33.443823,33.147182,34.534577,36.014786,4.997622,3.729453,0.33886,0,0.432697,30.476561,0,29.444443,91.61747,-1.155093,-1.262442,43.109108,36.649334,81.711472,14.155093,0.708804,0.386806,45.778637,29.577827,24.568867,24.788773,1,0,1,0,3.877315,14.80324,0.462963,0.262707,0,0.379282,82.97718,83.881966,30.086803,94.811913,1.596066,0.902257,83.651085,86.098976,49.172451,34.817711,0,0,2.43917,2419.649902,1009.9,15.203505,6.921158,7.926855,0.068945,665.384474,140.931,69.376475,15622.84,3.681832,9.557045,84.019396,12.659733,64.3677,5.103502,4.945594,19.095115,0.01253,18.189598,47.892295,29,151.304026,-5.308149,1.070072,NA,10.126521
"2025/03/05 14:38:06",1323,35.324947,27.427889,33.442683,32.90828,34.082916,35.994211,5.047804,3.729453,0.33886,0,0.432697,30.475986,0,29.65567,91.076378,-1.155093,-1.262442,43.107662,36.639202,81.730286,14.143518,0.708804,0.386806,45.788486,29.587957,24.623842,24.881365,1,0,1,0,3.877315,14.814815,0.462963,0.259633,0,0.379282,82.976875,83.882233,29.939236,90.491898,1.596066,0.902257,83.651085,86.068001,49.320019,34.84375,0,0,2.39296,2419.659912,1009.9,16.090912,6.904915,7.93826,0.060112,577.417397,141.02,69.339292,15623.2,3.691264,9.837404,45.964095,13.891796,64.456102,4.177254,5.03833,19.102955,0.012493,18.189588,48.031601,29,151.175274,-5.010701,1.047504,NA,13.810029
"2025/03/05 14:38:26",1343,35.284447,27.494206,33.126082,32.917686,34.183369,35.895212,4.967531,3.729453,0.33886,0,0.432697,30.48583,0,29.432867,91.085068,-1.155093,-1.262731,43.10767,36.595779,81.689758,14.157985,0.708804,0.386806,45.787895,29.620363,24.710648,24.782986,1,0,1,0,3.877315,14.814815,0.462963,0.257568,0,0.379282,82.976883,83.861397,29.716434,88.292824,1.596066,0.912269,83.651085,85.746223,49.155094,34.837959,0,0,2.31238,2419.669922,1009.9,16.191346,7.068503,8.003677,0.057959,554.230534,141.105,69.411432,15623.56,3.71274,9.558851,56.043646,12.808398,64.480498,4.072424,4.699153,19.088212,0.012504,18.189678,48.134014,29,151.364754,-4.992091,1.076953,NA,12.227105
"2025/03/05 14:38:46",1363,35.253487,27.530291,33.139949,32.707357,34.005036,35.559169,5.007638,3.729453,0.33886,0,0.432697,30.497408,0,29.580439,91.056129,-1.155093,-1.252314,43.104755,36.575523,81.660828,14.155093,0.708804,0.386806,45.798321,29.620356,24.745371,24.849537,1,0,1,0,3.877315,14.814815,0.462963,0.25857,0,0.379282,82.945045,83.777832,29.907406,90.020241,1.596066,0.912269,83.618927,85.497658,49.175346,34.806129,0,0,2.30237,2419.679932,1009.9,15.806539,7.218325,8.041266,0.059609,572.439529,141.189,69.255248,15623.92,3.703255,9.379935,55.036486,13.566024,64.525568,4.474074,4.535925,19.077343,0.012497,18.185001,48.174091,29,151.281815,-5.124832,1.075754,NA,14.426919
"2025/03/05 14:39:06",1383,35.232655,27.556793,33.362463,32.968368,33.62992,35.720979,4.997566,3.739467,0.337833,0,0.432697,30.51824,0,29.646988,91.328125,-1.155093,-1.252604,43.103321,36.427952,81.61599,14.149305,0.708804,0.386806,45.798325,29.619488,24.690393,24.861111,1,0,1,0,3.877315,14.814815,0.462963,0.25857,0,0.379282,82.883446,83.746239,29.869791,90.610535,1.596066,0.912269,83.537552,85.34288,49.114582,34.861107,0,0,2.29376,2419.699951,1010.1,16.087154,7.258232,7.965943,0.057011,551.8479,141.27,68.56809,15624.28,3.684309,9.971149,60.548725,13.304407,64.533752,4.181177,4.627633,19.080595,0.012447,18.174922,48.261269,28.8,151.53566,-5.039442,1.042361,NA,2.895988
"2025/03/05 14:39:26",1403,35.190994,27.60706,33.317337,32.779091,33.916444,35.762593,5.017596,3.739467,0.337833,0,0.432697,30.518532,0,29.667246,91.238426,-1.155093,-1.262731,43.114891,36.407692,81.550926,14.152199,0.708804,0.386806,45.787899,29.629616,24.670139,24.829283,1,0,1,0,3.877315,14.80324,0.462963,0.259572,0,0.379282,82.831879,83.684074,30.092594,92.410309,1.596066,0.902228,83.465553,85.332787,49.250576,34.820599,0,0,2.37901,2419.709961,1010.1,15.848645,7.265764,8.044244,0.058659,562.514245,141.359,69.292198,15624.64,3.712325,9.831357,66.826019,12.803966,64.531273,4.430124,4.525755,19.084917,0.01254,18.17627,48.211043,28.8,151.505003,-5.112089,1.049697,NA,14.0918
"2025/03/05 14:39:46",1423,35.150463,27.638475,33.25153,32.766346,33.768867,35.825144,4.997565,3.729453,0.337833,0,0.432697,30.529234,0,29.525463,90.813072,-1.155093,-1.252603,43.113449,36.328129,81.469948,14.160879,0.708804,0.386806,45.777206,29.629622,24.684605,24.849533,1,0,1,0,3.865741,14.814815,0.462963,0.26059,0,0.379282,82.78006,83.643578,29.942129,94.67012,1.596066,0.902228,83.423859,85.342911,49.343166,34.84375,0,0,2.45461,2419.719971,1010.1,15.948808,7.232115,8.059304,0.059571,571.5387,141.443,70.00471,15625,3.723399,9.648151,71.756547,12.762034,64.57651,4.325578,4.588628,19.076322,0.012464,18.174925000000002,48.137502,28.8,152.057726,-5.101498,1.00864,NA,6.585424
